python -m dbt --versionevent_id,customer_id,event_type,plan_name,amount,event_timestamp
1,00001,signup,basic,9.99,2024-01-14 09:49:52
2,00001,plan_change,enterprise,100.0,2024-05-24 09:49:52
3,00001,plan_change,basic,9.99,NULL
4,00001,plan_change,pro,24.99,2025-04-17 09:49:52
5,00001,plan_change,enterprise,100.0,2025-10-22 09:49:52
6,00001,plan_change,pro,24.99,2026-04-17 09:49:52
7,00002,signup,pro,24.99,2025-01-30 08:12:03
8,00002,churn,none,0.0,2025-08-21 08:12:03
9,00003,signup,ENTERPRISE,100.0,2025-03-23 18:41:39
10,00003,plan_change,basic,9.99,2025-06-19 18:41:39
11,00004,signup,pro,24.99,2026-02-14 19:59:13
12,00005,signup,pro,24.99,2026-01-04 12:38:54
13,00006,signup,enterprise,100.0,2026-04-06 19:50:14
14,00007,signup,enterprise,100.0,2024/10/27
15,00007,plan_change,basic,9.99,2024-12-11 04:16:06
16,00007,plan_change,enterprise,100.0,2025-10-26 04:16:06
17,00008,signup,enterprise,100.0,2024-12-27 23:20:17
18,00008,plan_change,basic,9.99,2025-09-14 23:20:17
19,00008,plan_change,pro,24.99,2026-06-07 23:20:17
20,00009,signup,enterprise,100.0,2024-05-02 20:40:27
21,00009,plan_change,pro,24.99,2024-10-28 20:40:27
22,00009,churn,none,0.0,2025-08-10 20:40:27
23,00010,signup,pro,24.99,2024-12-29 14:18:51
24,00010,churn,none,0.0,2025-06-05 14:18:51
25,00011,signup,enterprise,100.0,2025/01/21
26,00011,churn,none,0.0,2025-08-26 10:15:21
27,00012,signup,basic,9.99,2025-05-10 20:46:37
28,00012,churn,none,0.0,2025-07-26 20:46:37
29,00013,signup,basic,9.99,2024-08-17 01:52:26
29,00013,signup,basic,9.99,2024-08-17 01:52:26
30,00013,churn,none,0.0,2025-03-08 01:52:26
31,00014,signup,enterprise,100.0,2024/03/08
32,00014,churn,none,0.0,2024-08-27 06:26:28
33,00015,signup,enterprise,100.0,2025-08-13 15:42:27
34,00015,plan_change,pro,24.99,2026-04-27 15:42:27
35,00016,signup,pro,24.99,2024-02-15 21:12:01
36,00016,churn,none,0.0,2025-04-28 21:12:01
37,00017,signup,pro,24.99,2024-03-16 20:19:35
38,00017,plan_change, basic ,9.99,2024-05-30 20:19:35
39,00017,plan_change,pro,24.99,2024-07-07 20:19:35
40,00017,churn,none,0.0,2025-07-14 20:19:35
41,00018,signup,basic,9.99,1738282845
42,00018,plan_change,ENTERPRISE,100.0,2026-04-30 08:20:45
43,00019,signup,basic,9.99,2024-05-17 10:05:01
44,00019,plan_change,ENTERPRISE,100.0,2024-07-01 10:05:01
45,00019,churn,none,0.0,2025-08-11 10:05:01
46,00020,signup,Pro,24.99,2024-09-12 15:27:16
47,00020,plan_change,enterprise,100.0,2025-07-06 15:27:16
48,00020,plan_change,PRO,24.99,2025-11-06 15:27:16
49,00020,plan_change,enterprise,100.0,NULL
50,00021,signup,enterprise,100.0,2026-06-18 22:53:40
51,00022,signup,Basic,9.99,2026-02-16 23:15:07
52,00022,churn,none,0.0,2026-04-16 23:15:07
53,00023,signup,pro,24.99,2024-05-18 06:39:38
54,00023,churn,none,0.0,2025-06-13 06:39:38
55,00024,signup,enterprise,100.0,2024-06-18 09:20:09
56,00024,plan_change,pro,24.99,2024-11-29 09:20:09
57,00024,plan_change,enterprise,100.0,2025-03-09 09:20:09
58,00024,plan_change,basic,9.99,2025-05-29 09:20:09
59,00024,plan_change,enterprise,100.0,2025-11-03 09:20:09
60,00025,signup,enterprise,100.0,2024-02-26 01:15:08
61,00025,plan_change,pro,24.99,2024-07-21 01:15:08
62,00025,plan_change,enterprise,100.0,2024-11-01 01:15:08
63,00025,plan_change,basic,9.99,2025-03-17 01:15:08
64,00025,plan_change, pro ,24.99,2025-08-08 01:15:08
65,00025,churn,none,0.0,2026-06-20 01:15:08
66,00026,signup,basic,9.99,2025-05-25 03:13:55
67,00026,churn,none,0.0,2025-07-15 03:13:55
68,00027,signup,pro,24.99,2024-03-20T17:16:22
69,00027,plan_change,enterprise,100.0,2024-06-09 17:16:22
70,00027,plan_change,basic,9.99,2024-10-08 17:16:22
71,00027,plan_change,enterprise,100.0,2025-02-09 17:16:22
72,00027,plan_change,basic,9.99,2025-06-06 17:16:22
73,00027,churn,none,0.0,2025-11-20 17:16:22
74,00028,signup,basic,9.99,2026-06-27 17:53:57
75,00029,signup,Enterprise,100.0,2025-01-16 00:39:14
76,00029,plan_change,pro,24.99,2025-06-10 00:39:14
77,00030,signup,Pro,24.99,2026-03-07 11:23:49
78,00031,signup,pro,24.99,2025-02-19 15:19:40
79,00031,plan_change,enterprise,100.0,2026/06/07
80,00032,signup,basic,9.99,2026-05-03 03:41:04
81,00032,plan_change, pro ,24.99,2026-06-20 03:41:04
82,00033,signup,basic,9.99,2025-07-16 14:34:16
83,00033,plan_change, pro ,24.99,2025-10-16 14:34:16
84,00033,plan_change,basic,9.99,2026-03-13 14:34:16
85,00034,signup,enterprise,100.0,2024-07-11 11:25:55
86,00034,plan_change,pro,24.99,2024-09-04 11:25:55
87,00034,churn,none,0.0,2025-02-28 11:25:55
88,00035,signup,basic,9.99,2025-04-09 18:54:58
89,00036,signup,enterprise,100.0,2024-06-08 10:19:48
90,00036,plan_change,Basic,9.99,2024-11-08 10:19:48
91,00036,plan_change,pro,24.99,2025-08-09 10:19:48
92,00036,plan_change,enterprise,100.0,2026-01-25 10:19:48
93,00037,signup,basic,9.99,2025-04-16 08:03:57
94,00037,churn,none,0.0,2025-07-07 08:03:57
95,00038,signup,Pro,24.99,2026-06-29 02:09:09
96,00039,signup,enterprise,100.0,2024-11-01 06:40:52
97,00039,plan_change,pro,24.99,2026-06-16 06:40:52
98,00040,signup,basic,9.99,2025-02-16 02:31:39
99,00040,churn,none,0.0,2026-04-29 02:31:39
100,00041,signup,enterprise,100.0,2024-06-23 02:36:15
101,00041,plan_change,pro,24.99,2025-09-09 02:36:15
102,00041,churn,none,0.0,2026-02-15 02:36:15
103,00042,signup,PRO,24.99,2024-05-14 01:37:11
104,00042,plan_change,enterprise,100.0,2025-08-26 01:37:11
105,00042,churn,none,0.0,2026-04-01 01:37:11
106,00043,signup,pro,24.99,2026-03-04 22:06:15
107,00043,plan_change,basic,9.99,2026-05-15 22:06:15
108,00044,signup,basic,9.99,NULL
109,00044,plan_change,pro,24.99,2026-01-10 21:07:32
110,00045,signup,Basic,9.99,2024-09-10 00:02:46
110,00045,signup,Basic,9.99,2024-09-10 00:02:46
111,00046,signup,enterprise,100.0,2024-07-05 16:58:25
112,00046,churn,none,0.0,2024-09-27 16:58:25
113,00047,signup,enterprise,100.0,2025-09-16 10:02:02
114,00047,plan_change,basic,9.99,2025-12-07 10:02:02
115,00047,plan_change,pro,24.99,2026-03-24 10:02:02
116,00048,signup,basic,9.99,2026-05-09 17:38:54
117,00049,signup,enterprise,100.0,2024-11-20 06:43:08
118,00049,plan_change,basic,9.99,2025-04-23 06:43:08
119,00049,plan_change,pro,24.99,2025-08-16 06:43:08
120,00050,signup, enterprise ,100.0,2026-06-22 19:16:54
121,00051,signup,pro,24.99,2024-02-19 20:09:16
122,00051,churn,none,0.0,2024-05-01 20:09:16
123,00052,signup,enterprise,100.0,2024-03-11 14:00:22
124,00052,plan_change,basic,9.99,2024-09-13 14:00:22
125,00052,plan_change,pro,24.99,2025-03-09 14:00:22
126,00052,plan_change,enterprise,100.0,2026-03-18 14:00:22
127,00052,churn,none,0.0,2026-06-01 14:00:22
128,00053,signup,pro,24.99,2026-05-01 10:18:08
129,00054,signup,basic,9.99,2024-06-18 06:43:42
130,00055,signup,enterprise,100.0,2025-07-11 20:11:15
131,00055,plan_change,basic,9.99,2025-12-01 20:11:15
132,00055,plan_change,enterprise,100.0,2026-01-05 20:11:15
133,00055,plan_change,basic,9.99,2026-06-18 20:11:15
134,00056,signup,enterprise,100.0,2024-04-25 15:42:13
135,00056,plan_change,pro,24.99,2024-11-12 15:42:13
136,00056,plan_change,basic,9.99,2025-01-01 15:42:13
137,00056,plan_change,pro,24.99,2025-10-15 15:42:13
138,00056,plan_change,basic,9.99,2026-06-13 15:42:13
139,00057,signup,basic,9.99,2024-06-01 18:02:19
140,00057,plan_change,enterprise,100.0,2024-09-27 18:02:19
141,00057,plan_change, pro ,24.99,2025-12-13 18:02:19
142,00057,plan_change,enterprise,100.0,2026-05-26 18:02:19
143,00058,signup,enterprise,100.0,2026-04-13 11:13:10
144,00059,signup,enterprise,100.0,2026-05-19 18:12:45
145,00060,signup,Enterprise,100.0,2025-03-26 23:23:42
146,00060,plan_change,basic,9.99,2025-04-26 23:23:42
147,00060,plan_change,pro,24.99,2025-09-12 23:23:42
148,00061,signup,ENTERPRISE,100.0,2024-11-15 20:56:32
149,00061,churn,none,0.0,2026-01-28 20:56:32
150,00062,signup,basic,9.99,2025-11-27 17:20:17
151,00063,signup,pro,24.99,2024-04-18 04:59:54
152,00063,plan_change,enterprise,100.0,2025-03-21 04:59:54
153,00063,churn,none,0.0,2026-03-23 04:59:54
154,00064,signup,enterprise,100.0,2024-05-08 00:45:04
155,00064,plan_change,basic,9.99,2025-06-20 00:45:04
156,00064,plan_change,pro,24.99,2025-07-20 00:45:04
157,00064,churn,none,0.0,NULL
158,00065,signup,basic,9.99,2025-08-23 02:17:49
159,00065,plan_change,enterprise,100.0,2026-06-26 02:17:49
160,00066,signup,pro,24.99,2025-06-29 01:09:48
161,00066,plan_change,enterprise,100.0,2026-06-26 01:09:48
162,00067,signup,basic,9.99,2024-01-09 12:45:24
163,00067,plan_change,enterprise,100.0,2024-07-14 12:45:24
164,00067,plan_change,pro,24.99,2026-01-24 12:45:24
165,00067,plan_change,basic,9.99,2026-05-29 12:45:24
166,00068,signup,basic,9.99,2024-05-11 10:21:30
167,00068,churn,none,0.0,2024-11-19 10:21:30
168,00069,signup,Pro,24.99,2025-10-20 11:24:49
169,00070,signup,pro,24.99,2025-05-24 12:15:31
170,00071,signup,pro,24.99,2025-12-03 09:00:41
170,00071,signup,pro,24.99,2025-12-03 09:00:41
171,00071,plan_change,Enterprise,100.0,2026-03-23 09:00:41
172,00071,churn,none,0.0,2026-05-09 09:00:41
173,00072,signup,enterprise,100.0,2025-01-27 00:57:09
174,00072,plan_change,Basic,9.99,2025-05-08 00:57:09
175,00072,plan_change,pro,24.99,2025-12-07 00:57:09
176,00072,churn,none,0.0,2026-02-03 00:57:09
177,00073,signup,pro,24.99,2025-10-16 11:22:01
178,00073,plan_change,enterprise,100.0,2026-02-27 11:22:01
179,00074,signup,PRO,24.99,2025-09-23 03:34:54
180,00074,churn,none,0.0,2026-06-30 03:34:54
181,00075,signup,PRO,24.99,2026-03-11 05:36:26
182,00076,signup,pro,24.99,2025-09-07 20:03:23
183,00076,plan_change,basic,9.99,2026-02-12 20:03:23
184,00076,plan_change,Enterprise,100.0,2026-04-27 20:03:23
185,00076,plan_change,basic,9.99,2026-06-04 20:03:23
186,00077,signup,basic,9.99,2025-05-15 20:56:59
187,00078,signup, basic ,9.99,2025-01-27 18:49:23
188,00078,plan_change,enterprise,100.0,2025-05-15 18:49:23
189,00078,plan_change,pro,24.99,2025-07-29 18:49:23
190,00079,signup,enterprise,100.0,2025-10-18 21:03:17
191,00079,churn,none,0.0,2025-12-30 21:03:17
192,00080,signup,basic,9.99,2024-05-30 12:52:54
193,00080,churn,none,0.0,2025-02-21 12:52:54
194,00081,signup,pro,24.99,2024-04-06 10:51:52
195,00081,plan_change,enterprise,100.0,2025-08-16 10:51:52
196,00081,churn,none,0.0,2026-05-09 10:51:52
197,00082,signup,pro,24.99,2024-11-21 17:01:19
198,00082,plan_change,basic,9.99,2025-02-17 17:01:19
199,00082,plan_change,enterprise,100.0,2025-07-05 17:01:19
200,00082,plan_change,BASIC,9.99,2025-11-10 17:01:19
201,00083,signup,pro,24.99,2025-12-10 01:29:29
202,00084,signup,enterprise,100.0,2024-10-14 14:37:39
203,00084,plan_change,Pro,24.99,2025-07-25 14:37:39
204,00084,plan_change,enterprise,100.0,2026-06-18 14:37:39
205,00085,signup,pro,24.99,2025-07-30 06:04:45
206,00085,plan_change,enterprise,100.0,2026-03-20 06:04:45
207,00086,signup,pro,24.99,2025-02-19 19:21:15
208,00086,plan_change,basic,9.99,2025-09-03 19:21:15
209,00086,plan_change,pro,24.99,2025-10-07 19:21:15
210,00087,signup, pro ,24.99,2024-12-30 19:48:22
211,00087,plan_change,basic,9.99,2025-04-27 19:48:22
212,00087,plan_change,enterprise,100.0,2026-01-10 19:48:22
213,00088,signup,basic,9.99,2024-10-14 21:21:03
214,00088,plan_change,enterprise,100.0,2025-04-12 21:21:03
215,00088,plan_change,pro,24.99,2025-09-01 21:21:03
216,00088,plan_change,Enterprise,100.0,2026-02-27 21:21:03
217,00089,signup,enterprise,100.0,2025-07-15 17:21:20
218,00089,plan_change,Pro,24.99,2025-09-28 17:21:20
219,00089,plan_change,basic,9.99,2026-03-04 17:21:20
220,00090,signup,pro,24.99,2024-12-16 05:46:36
221,00090,plan_change,enterprise,100.0,2025-07-27 05:46:36
222,00090,plan_change,basic,9.99,2025-08-31 05:46:36
223,00090,plan_change,pro,24.99,2025-12-13 05:46:36
224,00090,churn,none,0.0,2026-06-26 05:46:36
225,00091,signup,pro,24.99,NULL
226,00091,plan_change,Basic,9.99,2025-09-12 03:38:29
227,00091,plan_change,enterprise,100.0,2025-12-06 03:38:29
228,00092,signup,basic,9.99,2024-09-21 08:25:35
229,00092,plan_change, enterprise ,100.0,2025-06-23 08:25:35
230,00092,plan_change,basic,9.99,2025-10-20 08:25:35
231,00092,churn,none,0.0,2026-01-01 08:25:35
232,00093,signup,pro,24.99,2024-11-30 04:00:33
233,00093,plan_change,basic,9.99,2025-05-02 04:00:33
234,00094,signup,pro,24.99,2025/12/16
235,00094,plan_change,basic,9.99,2026-04-15 18:17:06
236,00095,signup,Pro,24.99,2024-04-22 17:56:08
237,00095,churn,none,0.0,2025-11-15 17:56:08
238,00096,signup,pro,24.99,2024-03-01 13:42:10
239,00096,plan_change,basic,9.99,2024-05-29 13:42:10
240,00096,plan_change,pro,24.99,2025-01-12 13:42:10
241,00096,plan_change,basic,9.99,2025-07-01 13:42:10
242,00096,plan_change,pro,24.99,2026-04-28 13:42:10
243,00096,plan_change,basic,9.99,2026-05-28 13:42:10
244,00097,signup,Enterprise,100.0,2024-01-13 03:28:32
245,00097,plan_change,basic,9.99,2024-08-03 03:28:32
246,00097,churn,none,0.0,2025-02-08 03:28:32
247,00098,signup,pro,24.99,2025-09-29 10:37:13
248,00098,churn,none,0.0,2026-04-23 10:37:13
249,00099,signup,basic,9.99,2024-10-19 14:50:23
250,00099,plan_change, pro ,24.99,2025-01-13 14:50:23
251,00099,plan_change,enterprise,100.0,2025-03-18 14:50:23
252,00099,churn,none,0.0,2025-07-23 14:50:23
253,00100,signup,enterprise,100.0,2025-11-30 01:23:48
254,00101,signup,pro,24.99,2025-02-03 22:09:32
255,00101,churn,none,0.0,2025-10-28 22:09:32
256,00102,signup,basic,9.99,2025-01-02 11:53:54
257,00102,churn,none,0.0,2025-10-22 11:53:54
258,00103,signup,PRO,24.99,2024-11-29 13:38:38
259,00103,plan_change,basic,9.99,2025-09-03 13:38:38
260,00103,plan_change,enterprise,100.0,2026-04-01 13:38:38
261,00103,plan_change,pro,24.99,2026-06-03 13:38:38
262,00104,signup,basic,9.99,2026-01-04 13:26:10
263,00104,plan_change,pro,24.99,2026-04-30 13:26:10
264,00105,signup,PRO,24.99,1759037157
265,00106,signup,basic,9.99,2024-02-22 01:28:16
266,00106,churn,none,0.0,2024-04-15 01:28:16
267,00107,signup,pro,24.99,2024-05-04 14:11:26
268,00107,plan_change,basic,9.99,2024-10-24 14:11:26
269,00107,churn,none,0.0,2025-03-16 14:11:26
270,00108,signup,enterprise,100.0,2024-01-07 11:28:23
271,00108,churn,none,0.0,2024-03-20 11:28:23
272,00109,signup,basic,9.99,2024-07-22 21:47:29
273,00109,plan_change,pro,24.99,2024-08-26 21:47:29
274,00109,plan_change,enterprise,100.0,2025-09-19 21:47:29
275,00110,signup,Pro,24.99,NULL
276,00110,churn,none,0.0,2025-05-13 20:43:58
277,00111,signup,enterprise,100.0,2024-08-27 07:02:12
278,00111,churn,none,0.0,2024-12-27 07:02:12
279,00112,signup,pro,24.99,2026-01-26 20:47:13
280,00112,plan_change,ENTERPRISE,100.0,2026-06-18 20:47:13
281,00113,signup,enterprise,100.0,2025-02-03 10:30:13
282,00113,churn,none,0.0,2025-06-20 10:30:13
283,00114,signup, pro ,24.99,2025-08-20 22:22:10
284,00114,plan_change,basic,9.99,2025-12-22 22:22:10
285,00114,plan_change, pro ,24.99,2026-05-14 22:22:10
286,00115,signup,basic,9.99,2024-12-28 20:22:57
287,00115,plan_change,enterprise,100.0,2025-11-04 20:22:57
288,00116,signup, basic ,9.99,2025-04-14 07:30:20
289,00116,plan_change,enterprise,100.0,2026-05-24 07:30:20
290,00117,signup,enterprise,100.0,2026-02-09T10:34:22
291,00117,plan_change,pro,24.99,2026-03-16 10:34:22
292,00118,signup,basic,9.99,2026-02-21 11:26:37
293,00118,churn,none,0.0,2026-03-31 11:26:37
294,00119,signup,pro,24.99,2024-05-10 15:40:31
295,00119,plan_change,enterprise,100.0,2024-10-30 15:40:31
296,00119,churn,none,0.0,2025-03-02 15:40:31
297,00120,signup,enterprise,100.0,2025-06-15 16:22:46
298,00121,signup,pro,24.99,2024-02-21 21:46:15
299,00121,plan_change,enterprise,100.0,2024-04-13 21:46:15
300,00121,plan_change,basic,9.99,2025-03-28 21:46:15
301,00122,signup,pro,24.99,2024-05-10 09:28:46
302,00122,plan_change,enterprise,100.0,2025-02-10 09:28:46
303,00122,plan_change,basic,9.99,2025-08-28 09:28:46
304,00123,signup,pro,24.99,2026-01-31 02:43:14
305,00123,plan_change,enterprise,100.0,2026-06-15 02:43:14
306,00124,signup,pro,24.99,2024-04-02 15:08:43
307,00124,plan_change,enterprise,100.0,2025/12/27
308,00124,plan_change,pro,24.99,2026-03-28 15:08:43
309,00125,signup,pro,24.99,2024-01-07 22:18:23
310,00125,plan_change,enterprise,100.0,2025-02-22 22:18:23
311,00125,churn,none,0.0,2025-06-03 22:18:23
312,00126,signup,basic,9.99,2025-12-07 02:06:42
313,00126,churn,none,0.0,2026-05-29 02:06:42
314,00127,signup,enterprise,100.0,2026-04-30 21:57:16
315,00128,signup,enterprise,100.0,2024-12-30 19:26:50
316,00128,churn,none,0.0,2026-04-22 19:26:50
317,00129,signup,enterprise,100.0,2025-12-08 16:09:33
318,00129,plan_change,basic,9.99,2026-05-02 16:09:33
319,00130,signup,enterprise,100.0,2024-03-29 19:21:01
319,00130,signup,enterprise,100.0,2024-03-29 19:21:01
320,00130,plan_change,basic,9.99,2024-10-27 19:21:01
321,00130,plan_change, enterprise ,100.0,2025-01-26 19:21:01
322,00131,signup,enterprise,100.0,2026-03-04 13:38:08
323,00132,signup,basic,9.99,2024/07/05
324,00132,plan_change,pro,24.99,2024-08-17 13:00:41
325,00132,plan_change,basic,9.99,2024-12-13 13:00:41
326,00132,plan_change,pro,24.99,2025-05-22 13:00:41
327,00132,plan_change,ENTERPRISE,100.0,2026-03-16 13:00:41
328,00133,signup,basic,9.99,2025-12-16 15:59:18
329,00133,plan_change,enterprise,100.0,2026-02-23 15:59:18
330,00134,signup,pro,24.99,2025-02-01 01:26:25
331,00134,churn,none,0.0,2026-06-13 01:26:25
332,00135,signup,enterprise,100.0,2024-09-07 05:21:29
333,00135,plan_change,pro,24.99,2024-12-10 05:21:29
334,00135,plan_change,enterprise,100.0,2025-09-03 05:21:29
335,00135,plan_change,pro,24.99,2025-11-11 05:21:29
336,00136,signup,enterprise,100.0,2024-05-02 15:09:50
337,00136,plan_change,Pro,24.99,2025-03-15 15:09:50
338,00136,plan_change,enterprise,100.0,2026-01-22 15:09:50
339,00137,signup,pro,24.99,2026-03-01 01:17:52
340,00138,signup,enterprise,100.0,2025-09-15 11:53:05
341,00138,plan_change,pro,24.99,2025-10-19 11:53:05
342,00138,plan_change,basic,9.99,1771732385
343,00139,signup,Pro,24.99,2024-08-29 04:31:59
344,00139,churn,none,0.0,2024-11-02 04:31:59
345,00140,signup,enterprise,100.0,2024-11-06 03:43:04
346,00140,plan_change,pro,24.99,2026-05-07 03:43:04
347,00141,signup,enterprise,100.0,2025-11-08 05:06:30
348,00142,signup,Enterprise,100.0,2025-06-27 23:52:55
349,00142,plan_change,Basic,9.99,2026-03-17 23:52:55
350,00142,plan_change,enterprise,100.0,2026-06-09 23:52:55
351,00143,signup,enterprise,100.0,2025-06-07 05:43:45
352,00143,plan_change,pro,24.99,2025/10/08
353,00143,plan_change, basic ,9.99,2025-12-19 05:43:45
354,00144,signup,basic,9.99,2024-08-12 11:06:35
355,00144,plan_change,pro,24.99,2025-12-01 11:06:35
356,00145,signup,enterprise,100.0,2026-04-03 05:59:40
357,00145,churn,none,0.0,2026-05-24T05:59:40
358,00146,signup,enterprise,100.0,2026-02-20 20:43:36
359,00147,signup,enterprise,100.0,2024-01-19 15:47:19
360,00147,plan_change,pro,24.99,2024-10-25 15:47:19
361,00147,plan_change,enterprise,100.0,2026-02-01 15:47:19
362,00148,signup,basic,9.99,2025-11-03 14:39:42
363,00149,signup,pro,24.99,2026-06-14 10:18:31
364,00150,signup,Pro,24.99,2025-07-12 22:11:52
365,00151,signup,enterprise,100.0,NULL
366,00152,signup,enterprise,100.0,2025-10-25 01:17:41
367,00153,signup,enterprise,100.0,2024-10-07 10:18:57
368,00153,churn,none,0.0,NULL
369,00154,signup,pro,24.99,2026-04-21 21:58:34
370,00155,signup,enterprise,100.0,2025-06-04 00:26:46
371,00155,churn,none,0.0,2026-02-19 00:26:46
372,00156,signup,basic,9.99,2025-09-09 16:23:43
373,00156,churn,none,0.0,2025-11-12 16:23:43
374,00157,signup,Pro,24.99,2025-07-06 15:55:27
375,00157,plan_change,enterprise,100.0,2026-01-15 15:55:27
376,00158,signup,Basic,9.99,2026-06-15 03:27:58
377,00159,signup,enterprise,100.0,2024/08/17
378,00159,churn,none,0.0,2024-11-12 03:20:55
379,00160,signup,pro,24.99,2024-04-12 08:08:12
380,00160,plan_change,basic,9.99,2025-06-28 08:08:12
381,00160,plan_change,enterprise,100.0,2026-05-01 08:08:12
382,00161,signup,PRO,24.99,2025-01-02 14:38:54
383,00161,plan_change,enterprise,100.0,2025-05-15 14:38:54
384,00161,plan_change,basic,9.99,2025-12-03 14:38:54
385,00162,signup,pro,24.99,2025-03-27 19:56:08
385,00162,signup,pro,24.99,2025-03-27 19:56:08
386,00162,plan_change,enterprise,100.0,2025-10-28 19:56:08
387,00163,signup,basic,9.99,2026-04-15 23:53:01
388,00164,signup,pro,24.99,2026-04-06 11:13:45
389,00165,signup,basic,9.99,2025-02-09 14:54:23
390,00165,plan_change,enterprise,100.0,2025-12-16 14:54:23
391,00166,signup,basic,9.99,2024-03-25 14:30:02
392,00166,plan_change,enterprise,100.0,2025-07-16 14:30:02
393,00166,plan_change,pro,24.99,2025-08-27 14:30:02
394,00166,plan_change,basic,9.99,2026-01-21 14:30:02
395,00166,plan_change,enterprise,100.0,2026-03-24 14:30:02
396,00167,signup,basic,9.99,2025-01-21 11:24:06
397,00167,plan_change,enterprise,100.0,2025-05-07 11:24:06
398,00167,plan_change, pro ,24.99,2025-11-16 11:24:06
399,00167,plan_change,enterprise,100.0,2026-01-13 11:24:06
400,00167,plan_change,basic,9.99,2026-06-17 11:24:06
401,00168,signup,basic,9.99,NULL
402,00168,plan_change,pro,24.99,2024-12-30 21:26:15
403,00168,plan_change,ENTERPRISE,100.0,2026-02-11 21:26:15
404,00168,plan_change,pro,24.99,2026-06-28 21:26:15
405,00169,signup,enterprise,100.0,2024-07-18 17:01:55
406,00169,plan_change,basic,9.99,2024-09-03 17:01:55
407,00169,plan_change,PRO,24.99,2024-12-11 17:01:55
408,00169,plan_change,enterprise,100.0,2025-02-24 17:01:55
409,00169,churn,none,0.0,2025-11-17 17:01:55
410,00170,signup,pro,24.99,2024-10-19 13:50:02
411,00170,churn,none,0.0,2025-04-06 13:50:02
412,00171,signup,pro,24.99,2025-12-31 23:02:07
412,00171,signup,pro,24.99,2025-12-31 23:02:07
413,00171,churn,none,0.0,2026-03-27 23:02:07
414,00172,signup,pro,24.99,2025-07-29 07:34:58
415,00173,signup,enterprise,100.0,2025-02-10 01:46:14
416,00173,churn,none,0.0,2025-05-14 01:46:14
417,00174,signup,basic,9.99,2025-06-12 10:02:46
418,00174,plan_change,pro,24.99,2025-12-25 10:02:46
419,00174,plan_change,BASIC,9.99,2026-05-19 10:02:46
420,00175,signup,pro,24.99,2024-03-08 12:36:39
421,00175,plan_change,basic,9.99,2024-08-01 12:36:39
422,00175,plan_change, pro ,24.99,2024-09-21 12:36:39
423,00175,plan_change,basic,9.99,2024-11-26 12:36:39
424,00175,plan_change,pro,24.99,2025-07-30 12:36:39
425,00175,churn,none,0.0,2025-09-27 12:36:39
426,00176,signup,basic,9.99,2025-04-26 20:50:26
427,00176,churn,none,0.0,2025-08-31 20:50:26
428,00177,signup,enterprise,100.0,2024-08-07 18:41:53
429,00177,plan_change,basic,9.99,2025-01-24 18:41:53
430,00177,plan_change,pro,24.99,2025-09-21 18:41:53
431,00177,plan_change,basic,9.99,2026-06-20 18:41:53
432,00178,signup,pro,24.99,2026-06-25 05:05:21
433,00179,signup,enterprise,100.0,2025-04-26 23:40:58
434,00179,plan_change,PRO,24.99,2025-11-03 23:40:58
435,00179,plan_change,basic,9.99,2026-03-19 23:40:58
436,00180,signup,PRO,24.99,2025-03-29 21:29:55
437,00180,churn,none,0.0,2025-06-26 21:29:55
438,00181,signup,basic,9.99,2024-03-20 21:59:24
439,00181,churn,none,0.0,2024-07-03 21:59:24
440,00182,signup,ENTERPRISE,100.0,2025-06-25 02:38:56
441,00182,plan_change,basic,9.99,2025-12-14 02:38:56
442,00183,signup,enterprise,100.0,2024-05-12T03:32:11
443,00183,plan_change,pro,24.99,2025-01-20 03:32:11
444,00183,churn,none,0.0,2026-04-08 03:32:11
445,00184,signup,enterprise,100.0,2025-03-18 11:16:32
446,00184,churn,none,0.0,2025-09-01 11:16:32
447,00185,signup,basic,9.99,2025-10-17 11:30:15
448,00186,signup,pro,24.99,2026-03-02 16:16:20
449,00187,signup,BASIC,9.99,2024-08-26 14:22:51
450,00187,plan_change,pro,24.99,2025-03-20 14:22:51
451,00187,plan_change, basic ,9.99,2025-11-17 14:22:51
452,00188,signup,enterprise,100.0,2026-04-01 22:36:16
453,00188,plan_change,pro,24.99,2026-06-11 22:36:16
454,00189,signup, basic ,9.99,1764014712
455,00190,signup,pro,24.99,2024-04-08 13:36:37
456,00190,plan_change,Enterprise,100.0,2024-08-13 13:36:37
457,00190,plan_change,BASIC,9.99,2025-08-19 13:36:37
458,00190,plan_change,enterprise,100.0,2026-04-06 13:36:37
459,00190,plan_change,pro,24.99,2026-06-24T13:36:37
460,00191,signup,enterprise,100.0,2025-10-21 00:33:26
461,00192,signup,enterprise,100.0,2025-07-24 20:51:02
462,00192,plan_change,pro,24.99,2025-08-30 20:51:02
463,00193,signup,basic,9.99,2025-12-03 10:21:11
464,00193,churn,none,0.0,2026-02-07 10:21:11
465,00194,signup,BASIC,9.99,2024-10-24 01:09:51
466,00194,churn,none,0.0,2025-10-05 01:09:51
467,00195,signup,enterprise,100.0,2024/02/23
468,00195,churn,none,0.0,2026-02-02 17:38:44
469,00196,signup,BASIC,9.99,2024-05-03 02:13:21
470,00196,plan_change,pro,24.99,2024-10-25 02:13:21
471,00196,plan_change,enterprise,100.0,2024-12-08 02:13:21
472,00196,churn,none,0.0,2025-10-13 02:13:21
473,00197,signup,enterprise,100.0,2025-06-26 18:07:25
474,00198,signup,enterprise,100.0,2025-08-20 02:51:57
475,00198,plan_change,pro,24.99,2026-02-04 02:51:57
476,00198,churn,none,0.0,2026-06-23 02:51:57
477,00199,signup,pro,24.99,2024-08-18 03:35:49
478,00199,plan_change,basic,9.99,2025-11-29 03:35:49
479,00200,signup,basic,9.99,2024-04-30 23:50:18
480,00200,plan_change,enterprise,100.0,2024-09-06 23:50:18
481,00200,churn,none,0.0,2024-12-11 23:50:18
482,00201,signup,BASIC,9.99,2025-11-03 06:27:50
483,00202,signup,pro,24.99,2025-11-17 17:48:17
484,00203,signup,pro,24.99,2026-06-21 01:25:34
485,00204,signup,pro,24.99,2025-06-01 18:57:18
486,00204,plan_change,Basic,9.99,2025-10-02 18:57:18
487,00205,signup,basic,9.99,2025-03-22 17:24:36
488,00205,plan_change,enterprise,100.0,2026-06-21 17:24:36
489,00206,signup,basic,9.99,2024-01-19 08:00:52
490,00206,plan_change,enterprise,100.0,2025-06-13 08:00:52
491,00206,plan_change,pro,24.99,2025-12-06 08:00:52
492,00207,signup,enterprise,100.0,1771405179
493,00208,signup,enterprise,100.0,2025-06-10 07:03:45
494,00208,plan_change,basic,9.99,2025-08-31 07:03:45
495,00208,churn,none,0.0,2025-12-14 07:03:45
496,00209,signup,basic,9.99,2025-06-01 14:41:22
496,00209,signup,basic,9.99,2025-06-01 14:41:22
497,00210,signup,Pro,24.99,2026-02-20 03:21:34
498,00211,signup,basic,9.99,2025-07-01 18:11:03
499,00211,plan_change,enterprise,100.0,2026-02-12 18:11:03
500,00212,signup,pro,24.99,2025-10-03 08:15:30
501,00212,plan_change,basic,9.99,2026-01-06 08:15:30
502,00212,plan_change,enterprise,100.0,2026-04-19 08:15:30
503,00213,signup,basic,9.99,2024-10-07 18:00:14
504,00213,plan_change,pro,24.99,2025-08-12 18:00:14
505,00213,churn,none,0.0,2026-02-28 18:00:14
506,00214,signup,pro,24.99,2025-01-15 15:22:27
507,00214,plan_change,basic,9.99,2025-06-08 15:22:27
508,00214,plan_change,enterprise,100.0,2025-08-26 15:22:27
509,00214,plan_change,basic,9.99,2026-03-13 15:22:27
510,00215,signup,basic,9.99,2026-01-30 07:04:40
511,00216,signup,pro,24.99,2025-12-30 18:33:15
512,00216,plan_change,ENTERPRISE,100.0,2026-03-12 18:33:15
513,00217,signup,basic,9.99,2025-05-08 11:11:40
514,00218,signup, basic ,9.99,2024-12-21 23:48:10
515,00218,churn,none,0.0,2025-10-02 23:48:10
516,00219,signup,enterprise,100.0,2026-03-05 10:55:48
517,00219,plan_change,pro,24.99,2026-06-18 10:55:48
518,00220,signup,pro,24.99,2025-01-22 17:31:28
519,00220,plan_change,basic,9.99,2025-05-11 17:31:28
520,00220,churn,none,0.0,2025-07-01 17:31:28
521,00221,signup,enterprise,100.0,2024-07-27 19:59:56
522,00222,signup,enterprise,100.0,2025-09-10 09:18:41
523,00222,plan_change,BASIC,9.99,2026-04-10 09:18:41
524,00223,signup,pro,24.99,2026-03-17 06:43:24
525,00224,signup,basic,9.99,2024-01-08 14:10:55
526,00224,plan_change,enterprise,100.0,2024-05-10 14:10:55
527,00224,plan_change,Basic,9.99,2024-10-20 14:10:55
528,00224,plan_change,enterprise,100.0,2025-03-21 14:10:55
529,00225,signup,pro,24.99,2025-04-03 02:23:42
530,00225,plan_change,enterprise,100.0,2025-07-06 02:23:42
531,00226,signup,enterprise,100.0,2025-12-19 13:23:31
532,00226,plan_change,basic,9.99,2026-01-19 13:23:31
533,00227,signup,enterprise,100.0,2024-12-09 23:47:36
534,00227,plan_change,pro,24.99,2025-01-11 23:47:36
535,00227,churn,none,0.0,2025/05/05
536,00228,signup,pro,24.99,2025-12-23 17:44:29
537,00228,churn,none,0.0,2026-02-06 17:44:29
538,00229,signup,basic,9.99,2026-04-20 07:35:46
539,00230,signup,basic,9.99,2024-10-06 20:19:55
540,00230,plan_change,enterprise,100.0,2025-01-04 20:19:55
541,00231,signup,basic,9.99,2026-02-13 00:16:23
542,00232,signup,enterprise,100.0,2024-02-20 06:43:13
543,00232,plan_change,Pro,24.99,2025-06-26 06:43:13
544,00232,plan_change,basic,9.99,2025-11-13 06:43:13
545,00233,signup,pro,24.99,2025-10-22 05:29:55
546,00234,signup,basic,9.99,2024-10-29 23:48:56
547,00234,plan_change,Pro,24.99,2025-04-11 23:48:56
548,00234,plan_change,basic,9.99,2025-08-07T23:48:56
549,00234,plan_change,pro,24.99,2025-12-08 23:48:56
550,00234,plan_change,enterprise,100.0,2026-01-07 23:48:56
551,00235,signup,enterprise,100.0,2024-10-27 12:14:13
552,00235,plan_change,pro,24.99,2024-12-25 12:14:13
553,00235,plan_change,basic,9.99,2025-10-28 12:14:13
554,00236,signup,pro,24.99,2025-07-31 10:34:28
555,00236,plan_change,enterprise,100.0,2025-09-26 10:34:28
556,00236,churn,none,0.0,2025-12-26 10:34:28
557,00237,signup,basic,9.99,2026-01-14 11:31:29
558,00238,signup,enterprise,100.0,2024-04-09 09:50:44
559,00238,plan_change,basic,9.99,2025-01-09 09:50:44
560,00239,signup,pro,24.99,2024-01-27 16:57:42
561,00239,plan_change,enterprise,100.0,2025-06-25T16:57:42
562,00239,plan_change,pro,24.99,2025-12-31 16:57:42
563,00239,plan_change,basic,9.99,2026-04-28 16:57:42
564,00240,signup,basic,9.99,2026-02-16 23:12:02
565,00240,plan_change,pro,24.99,2026-03-25 23:12:02
566,00241,signup,pro,24.99,2026-04-07 19:03:06
567,00241,plan_change,enterprise,100.0,1780570986
568,00242,signup,pro,24.99,2024-02-07 05:09:29
569,00242,plan_change,basic,9.99,2024-10-09 05:09:29
570,00242,plan_change,pro,24.99,2025-02-22 05:09:29
571,00243,signup,enterprise,100.0,1708051885
572,00243,churn,none,0.0,2025-02-05 10:51:25
573,00244,signup,pro,24.99,2024-10-14 07:31:32
574,00244,plan_change,enterprise,100.0,2025-04-10 07:31:32
575,00244,plan_change,basic,9.99,2026-04-02 07:31:32
576,00245,signup,pro,24.99,2025-07-03 11:41:55
577,00246,signup,pro,24.99,2024-07-18 19:23:37
578,00246,plan_change,basic,9.99,2026-03-15 19:23:37
579,00247,signup,enterprise,100.0,2024-09-18 07:08:38
580,00247,plan_change,basic,9.99,2025-01-23 07:08:38
581,00247,plan_change,pro,24.99,2025-08-29 07:08:38
582,00247,plan_change,basic,9.99,2025-12-30 07:08:38
583,00248,signup,pro,24.99,2025-03-11 04:18:11
584,00248,plan_change,enterprise,100.0,2025-12-19 04:18:11
585,00248,plan_change,basic,9.99,2026-05-07 04:18:11
586,00249,signup,PRO,24.99,2025-11-04 13:21:45
587,00249,plan_change,basic,9.99,2026-05-23 13:21:45
588,00250,signup,enterprise,100.0,2024-07-13 03:40:37
589,00250,churn,none,0.0,2024-09-02 03:40:37
590,00251,signup,pro,24.99,2025-06-03 01:36:26
591,00251,plan_change,basic,9.99,2026-01-28 01:36:26
592,00252,signup,enterprise,100.0,2025-09-09 08:05:07
593,00252,plan_change,pro,24.99,2025-11-13 08:05:07
594,00253,signup,enterprise,100.0,2025-09-17 01:16:13
595,00253,plan_change,pro,24.99,2026-02-24 01:16:13
596,00254,signup,basic,9.99,2026-02-19 11:04:35
597,00255,signup,pro,24.99,2024-07-01 02:21:20
598,00255,plan_change,basic,9.99,2025-02-22 02:21:20
599,00256,signup,basic,9.99,2026-05-04 18:40:34
600,00257,signup,enterprise,100.0,2025-08-06 22:00:06
601,00257,churn,none,0.0,2025-12-12 22:00:06
602,00258,signup,basic,9.99,2025-10-24 05:02:38
603,00259,signup,pro,24.99,2024-06-30 19:45:24
604,00260,signup,pro,24.99,2025-01-07 03:32:22
605,00260,plan_change,basic,9.99,2025-09-24 03:32:22
606,00261,signup,enterprise,100.0,2026-03-26 19:38:38
607,00262,signup,basic,9.99,2024-03-26 12:31:05
608,00262,plan_change,enterprise,100.0,2025-02-24 12:31:05
609,00262,plan_change,pro,24.99,2026-04-24 12:31:05
610,00263,signup,pro,24.99,2024-11-19 13:34:28
611,00263,plan_change,basic,9.99,2025-08-10 13:34:28
612,00263,churn,none,0.0,2026-03-25 13:34:28
613,00264,signup,Enterprise,100.0,2025-11-11 16:10:51
614,00265,signup,basic,9.99,2026-01-22 20:54:20
615,00266,signup,enterprise,100.0,2024-11-11 14:20:25
616,00266,plan_change,basic,9.99,2025-10-31 14:20:25
617,00266,churn,none,0.0,2026-03-19 14:20:25
618,00267,signup,enterprise,100.0,2024-03-09 06:59:43
619,00267,plan_change,basic,9.99,2024-08-09 06:59:43
620,00267,plan_change,PRO,24.99,2024-10-30 06:59:43
621,00267,plan_change,basic,9.99,2025-02-08T06:59:43
622,00267,plan_change,enterprise,100.0,2025-06-07 06:59:43
623,00267,churn,none,0.0,2025-11-19 06:59:43
624,00268,signup,enterprise,100.0,2024-07-16 01:36:41
625,00268,plan_change,pro,24.99,2025-03-31 01:36:41
626,00268,plan_change,enterprise,100.0,2025-08-18 01:36:41
627,00268,churn,none,0.0,2026-04-10 01:36:41
628,00269,signup,basic,9.99,2025-04-12 22:37:06
629,00269,churn,none,0.0,2025-10-31 22:37:06
630,00270,signup,pro,24.99,2025-07-18 12:39:30
631,00271,signup,pro,24.99,2024-08-25 16:51:41
632,00271,plan_change,basic,9.99,2025-01-06 16:51:41
633,00271,plan_change,pro,24.99,2026-01-28 16:51:41
634,00272,signup,pro,24.99,2026-01-31 04:00:25
635,00273,signup,pro,24.99,2024-06-24 08:43:00
636,00273,plan_change,basic,9.99,2024-11-14 08:43:00
637,00273,churn,none,0.0,2025-12-17 08:43:00
638,00274,signup,enterprise,100.0,2025-02-21 11:35:25
639,00274,plan_change,basic,9.99,2025-04-03 11:35:25
640,00274,plan_change,Enterprise,100.0,2025-11-22 11:35:25
641,00275,signup,pro,24.99,2026-02-17 23:45:03
642,00276,signup,pro,24.99,2025-12-21 19:04:19
643,00277,signup,basic,9.99,2025-05-21 11:40:40
644,00277,plan_change,pro,24.99,2025-09-26 11:40:40
645,00277,churn,none,0.0,2025-12-29 11:40:40
646,00278,signup,basic,9.99,2024-11-16 10:07:15
646,00278,signup,basic,9.99,2024-11-16 10:07:15
647,00278,plan_change,enterprise,100.0,2026-03-29 10:07:15
648,00279,signup,basic,9.99,2025-08-23 11:11:35
649,00280,signup,enterprise,100.0,2026-01-12 23:24:15
650,00280,plan_change,basic,9.99,2026-04-09 23:24:15
651,00280,plan_change,enterprise,100.0,2026-05-27 23:24:15
652,00281,signup,pro,24.99,2024-11-15 06:27:47
653,00281,plan_change,enterprise,100.0,2025-08-31 06:27:47
654,00281,plan_change,basic,9.99,2025-12-23 06:27:47
655,00281,churn,none,0.0,2026-05-19 06:27:47
656,00282,signup,Enterprise,100.0,2025-06-04 08:47:29
657,00282,churn,none,0.0,2025-08-26 08:47:29
658,00283,signup,basic,9.99,2026-04-21 20:42:57
659,00284,signup,basic,9.99,2025-03-01 18:34:44
660,00284,plan_change,pro,24.99,2026-05-29 18:34:44
661,00285,signup,pro,24.99,2026-03-07 16:11:23
662,00286,signup,pro,24.99,2026-06-14 15:45:26
663,00287,signup,enterprise,100.0,2025-03-22 17:53:22
664,00288,signup,pro,24.99,2026-02-04 08:27:03
665,00289,signup,enterprise,100.0,2025-12-10 07:07:20
666,00290,signup,basic,9.99,2024-05-09 03:12:15
667,00290,plan_change,pro,24.99,2024-07-02 03:12:15
668,00290,churn,none,0.0,2025-01-30 03:12:15
669,00291,signup,enterprise,100.0,2025-06-01 13:32:57
670,00292,signup,basic,9.99,2026-03-06 01:08:34
671,00292,plan_change,pro,24.99,2026-05-12 01:08:34
672,00293,signup,pro,24.99,2026-04-16 13:57:09
673,00293,plan_change,basic,9.99,2026-06-16 13:57:09
674,00294,signup,pro,24.99,2026-05-30 00:25:10
675,00295,signup,enterprise,100.0,2024-12-19 19:22:14
676,00295,plan_change,basic,9.99,2025-06-25 19:22:14
677,00295,churn,none,0.0,2026-01-10 19:22:14
678,00296,signup,basic,9.99,2024-03-21 07:56:24
679,00296,plan_change,pro,24.99,2024-11-17 07:56:24
680,00296,churn,none,0.0,2024-12-29T07:56:24
681,00297,signup,pro,24.99,2025-06-02 02:09:46
682,00297,plan_change,basic,9.99,1762452586
683,00297,plan_change,enterprise,100.0,2026/01/08
684,00297,plan_change,PRO,24.99,2026-04-11 02:09:46
685,00298,signup,basic,9.99,2025-02-05 14:01:20
686,00298,churn,none,0.0,2026-06-05 14:01:20
687,00299,signup,enterprise,100.0,2024-03-06 10:06:02
687,00299,signup,enterprise,100.0,2024-03-06 10:06:02
688,00299,plan_change,pro,24.99,2024-06-09 10:06:02
689,00299,plan_change,basic,9.99,2025-06-14 10:06:02
690,00300,signup,basic,9.99,2024-07-26T23:16:02
691,00300,plan_change,Pro,24.99,2024-09-13 23:16:02
692,00300,plan_change,enterprise,100.0,2025-12-11 23:16:02
693,00301,signup,enterprise,100.0,2026-03-03 11:41:45
694,00302,signup,basic,9.99,2025-12-27 21:23:25
695,00302,plan_change, enterprise ,100.0,2026-04-17 21:23:25
696,00303,signup,basic,9.99,2025-11-27 21:27:20
697,00303,plan_change,Pro,24.99,2026-04-12 21:27:20
698,00304,signup,ENTERPRISE,100.0,2025-02-23 14:13:48
699,00304,plan_change,basic,9.99,2025-05-21 14:13:48
700,00304,plan_change,enterprise,100.0,2025-12-15 14:13:48
701,00305,signup,Pro,24.99,2026-01-28 14:03:52
702,00306,signup,pro,24.99,2025-01-13 12:07:35
703,00307,signup,pro,24.99,2024-03-08 03:47:30
704,00307,plan_change,enterprise,100.0,2024-06-01 03:47:30
705,00307,plan_change,pro,24.99,2025-01-14T03:47:30
706,00307,plan_change,BASIC,9.99,2025-07-10 03:47:30
707,00307,plan_change,enterprise,100.0,2025-09-17 03:47:30
708,00307,plan_change,basic,9.99,2026-03-12 03:47:30
709,00308,signup,enterprise,100.0,2024-06-26 17:59:51
710,00308,plan_change,basic,9.99,2026-01-28 17:59:51
711,00309,signup,pro,24.99,2024-09-03 19:58:44
712,00309,plan_change,basic,9.99,2025-11-11 19:58:44
713,00309,plan_change,enterprise,100.0,2026-04-14 19:58:44
714,00310,signup,PRO,24.99,2024-01-25 04:54:06
715,00310,plan_change,ENTERPRISE,100.0,2024-04-28 04:54:06
716,00310,plan_change,Basic,9.99,2024-12-09 04:54:06
717,00310,churn,none,0.0,2025-03-30 04:54:06
718,00311,signup,enterprise,100.0,2025-08-16 18:02:42
719,00311,plan_change,BASIC,9.99,2026-01-15 18:02:42
720,00311,plan_change,enterprise,100.0,2026-06-10 18:02:42
721,00312,signup,basic,9.99,2024-11-16 03:41:12
722,00312,plan_change,pro,24.99,2025-01-01 03:41:12
723,00313,signup,basic,9.99,2024-07-18 05:36:16
724,00313,plan_change,enterprise,100.0,2024-10-06 05:36:16
725,00313,plan_change,pro,24.99,2026-05-08 05:36:16
726,00314,signup,enterprise,100.0,2024-11-05 12:03:34
727,00314,churn,none,0.0,2025-07-20 12:03:34
728,00315,signup,basic,9.99,2026-04-28 08:11:54
729,00316,signup,enterprise,100.0,2026-06-22 09:53:19
730,00317,signup,pro,24.99,2025-03-05 21:13:35
731,00317,plan_change,basic,9.99,2025-05-04 21:13:35
732,00317,plan_change,enterprise,100.0,2025-09-25 21:13:35
733,00317,plan_change,BASIC,9.99,2025-10-30 21:13:35
734,00318,signup,enterprise,100.0,2026-04-25 22:29:25
735,00319,signup,pro,24.99,2024-02-04 08:52:41
736,00319,plan_change,enterprise,100.0,2024-03-10 08:52:41
737,00319,plan_change, pro ,24.99,2024-08-28 08:52:41
738,00319,plan_change,enterprise,100.0,2024/12/26
739,00319,plan_change,pro,24.99,2025-03-17 08:52:41
740,00319,plan_change,enterprise,100.0,2025-08-16 08:52:41
741,00320,signup,basic,9.99,2026-02-03 03:45:22
742,00321,signup,enterprise,100.0,2025-09-14 11:38:58
743,00322,signup,Basic,9.99,2025-05-15 03:50:32
744,00322,churn,none,0.0,2025-09-14 03:50:32
745,00323,signup,basic,9.99,2026-06-03T19:43:16
746,00324,signup,basic,9.99,2024-10-06 15:10:20
747,00324,plan_change,enterprise,100.0,2025-02-02 15:10:20
748,00324,plan_change,basic,9.99,2025-04-15 15:10:20
749,00324,churn,none,0.0,2026-02-23 15:10:20
750,00325,signup,enterprise,100.0,2024-11-19 08:16:30
750,00325,signup,enterprise,100.0,2024-11-19 08:16:30
751,00325,plan_change,basic,9.99,2025-03-02 08:16:30
752,00325,plan_change,enterprise,100.0,2026-06-17 08:16:30
753,00326,signup,enterprise,100.0,2026-05-04 08:46:33
754,00327,signup,enterprise,100.0,2025-03-06 16:19:18
755,00327,churn,none,0.0,2025-10-04 16:19:18
756,00328,signup,pro,24.99,2025-11-24 08:11:49
757,00328,plan_change,basic,9.99,2026-03-07 08:11:49
758,00328,plan_change,pro,24.99,2026-05-28 08:11:49
759,00329,signup,enterprise,100.0,2025-03-10 22:47:35
760,00329,churn,none,0.0,2025-07-08 22:47:35
761,00330,signup,basic,9.99,2025-05-03 16:07:28
762,00330,plan_change, pro ,24.99,2025-06-18 16:07:28
763,00331,signup,basic,9.99,2025-06-08 23:18:01
764,00331,churn,none,0.0,2025-07-27 23:18:01
765,00332,signup,PRO,24.99,2024-01-23T11:55:02
766,00332,plan_change,basic,9.99,2024-12-21T11:55:02
767,00332,plan_change,pro,24.99,2025-02-22 11:55:02
768,00332,plan_change,basic,9.99,2025-09-08 11:55:02
769,00333,signup,pro,24.99,2024-10-06 08:53:14
770,00333,plan_change,enterprise,100.0,2025-03-30 08:53:14
771,00333,plan_change,pro,24.99,2026-06-10 08:53:14
772,00334,signup,enterprise,100.0,2025-07-26 07:35:31
773,00334,plan_change,pro,24.99,2025-09-24 07:35:31
774,00334,churn,none,0.0,2026-03-01 07:35:31
775,00335,signup,pro,24.99,2025-01-31 22:08:33
776,00335,plan_change,enterprise,100.0,2025-04-05 22:08:33
777,00336,signup,enterprise,100.0,2024-11-22 08:37:21
778,00336,plan_change,basic,9.99,2025-05-20 08:37:21
779,00336,churn,none,0.0,2025-12-03 08:37:21
780,00337,signup,pro,24.99,2025-02-22 22:28:02
781,00337,churn,none,0.0,2025-12-26 22:28:02
782,00338,signup,basic,9.99,2024-03-07 19:40:33
783,00338,plan_change,pro,24.99,2024-05-26 19:40:33
784,00338,plan_change,enterprise,100.0,1721475633
785,00338,plan_change,Pro,24.99,2025-09-28 19:40:33
786,00338,plan_change,basic,9.99,2026-06-30 19:40:33
787,00339,signup,Basic,9.99,2025-01-05 13:33:31
788,00339,plan_change,enterprise,100.0,2026-02-16 13:33:31
789,00340,signup,BASIC,9.99,2024-01-16 10:21:56
790,00340,plan_change,pro,24.99,2025-01-27 10:21:56
791,00340,plan_change,basic,9.99,2026-06-29 10:21:56
792,00341,signup,pro,24.99,2025-07-16 05:32:28
793,00341,churn,none,0.0,NULL
794,00342,signup,pro,24.99,2024-02-06 03:18:25
795,00342,plan_change,enterprise,100.0,2024-07-07 03:18:25
796,00342,churn,none,0.0,2025-03-02 03:18:25
797,00343,signup,BASIC,9.99,2025-07-22 23:30:56
798,00343,plan_change,pro,24.99,2025-10-28 23:30:56
799,00343,plan_change,enterprise,100.0,2026-02-20 23:30:56
800,00344,signup,enterprise,100.0,2024-02-10 07:18:11
801,00344,churn,none,0.0,2025-02-05 07:18:11
802,00345,signup,enterprise,100.0,2024-02-12 13:29:48
803,00345,churn,none,0.0,2024-05-22 13:29:48
804,00346,signup,pro,24.99,2025-12-22 12:41:09
805,00347,signup,Pro,24.99,2025-08-16 14:55:27
806,00348,signup,pro,24.99,2025-05-23 07:05:11
807,00348,churn,none,0.0,2025-06-27 07:05:11
808,00349,signup,enterprise,100.0,2025-03-11 02:45:14
809,00350,signup,enterprise,100.0,2025-04-21 16:40:29
810,00350,plan_change,pro,24.99,2025-09-06 16:40:29
811,00350,churn,none,0.0,2025/10/12
812,00351,signup,PRO,24.99,2024-08-15 23:48:53
813,00351,plan_change,basic,9.99,2024-10-17 23:48:53
814,00351,plan_change,enterprise,100.0,2025-03-20 23:48:53
815,00351,plan_change,basic,9.99,2025-06-06 23:48:53
816,00351,churn,none,0.0,2025-11-11 23:48:53
817,00352,signup,basic,9.99,2025-09-20 15:13:32
818,00352,plan_change, pro ,24.99,2025-12-11 15:13:32
819,00353,signup,enterprise,100.0,2024/04/23
820,00354,signup,basic,9.99,2025-10-07 16:16:57
821,00354,plan_change,pro,24.99,2025-12-07 16:16:57
822,00354,plan_change,enterprise,100.0,2026-04-26 16:16:57
823,00355,signup,pro,24.99,2025-04-03 05:20:18
824,00355,plan_change,basic,9.99,2025-09-02 05:20:18
825,00356,signup,pro,24.99,2025-07-15 21:53:51
826,00356,churn,none,0.0,2025-08-27 21:53:51
827,00357,signup,basic,9.99,2026-02-27 12:47:23
828,00358,signup,basic,9.99,2024-06-06 06:48:30
829,00358,plan_change,enterprise,100.0,NULL
830,00358,plan_change,pro,24.99,2025-12-07 06:48:30
831,00359,signup,pro,24.99,2025-07-25 14:15:35
832,00359,plan_change,basic,9.99,2026-02-06 14:15:35
833,00360,signup,ENTERPRISE,100.0,2024-04-05 13:36:49
834,00360,plan_change,pro,24.99,2024-08-01 13:36:49
835,00360,plan_change,basic,9.99,2024-11-22 13:36:49
836,00360,plan_change,enterprise,100.0,2025-11-26T13:36:49
837,00361,signup,enterprise,100.0,2024-12-03 22:50:43
838,00361,plan_change,basic,9.99,2025-03-23 22:50:43
839,00361,plan_change,enterprise,100.0,2025-09-05 22:50:43
840,00362,signup,enterprise,100.0,2026-05-09 15:39:58
841,00363,signup,pro,24.99,2026-04-24 07:22:08
842,00364,signup,pro,24.99,2026-05-02 09:00:05
843,00365,signup,pro,24.99,2025-03-15 05:58:00
844,00365,plan_change,basic,9.99,2025-07-16 05:58:00
845,00365,plan_change, enterprise ,100.0,2026-01-11 05:58:00
846,00365,churn,none,0.0,2026-05-13 05:58:00
847,00366,signup,enterprise,100.0,2026-06-06 15:28:57
848,00367,signup,enterprise,100.0,2024-04-02 22:28:14
849,00367,plan_change,Pro,24.99,2024-09-23 22:28:14
850,00367,plan_change,basic,9.99,2025-06-04 22:28:14
851,00368,signup,basic,9.99,2024-01-16 08:32:05
852,00368,plan_change,enterprise,100.0,2024-10-27 08:32:05
853,00368,plan_change,pro,24.99,2025-08-06 08:32:05
854,00368,plan_change,basic,9.99,2026-06-12 08:32:05
855,00369,signup,enterprise,100.0,2026-03-14 12:23:17
856,00370,signup,pro,24.99,2025-04-27 06:36:17
857,00370,churn,none,0.0,2025-10-24 06:36:17
858,00371,signup,pro,24.99,2024-12-20 17:43:16
859,00371,plan_change,enterprise,100.0,2026-02-19 17:43:16
860,00372,signup,BASIC,9.99,1763498832
861,00373,signup,enterprise,100.0,2025-07-11 07:45:53
862,00373,churn,none,0.0,2026/05/13
863,00374,signup, enterprise ,100.0,2024-03-14 23:19:53
864,00374,plan_change,pro,24.99,2024-07-26 23:19:53
865,00374,churn,none,0.0,2024-11-09 23:19:53
866,00375,signup, pro ,24.99,2024-04-24 11:51:37
867,00375,plan_change,Basic,9.99,2024-08-11 11:51:37
868,00375,plan_change,pro,24.99,2024-10-02 11:51:37
869,00375,plan_change, enterprise ,100.0,2025-06-07 11:51:37
870,00375,churn,none,0.0,2025-12-17 11:51:37
871,00376,signup,Enterprise,100.0,2025-06-22 20:58:19
872,00376,plan_change,basic,9.99,2026-01-12 20:58:19
873,00376,plan_change,enterprise,100.0,2026-07-01 20:58:19
874,00377,signup,enterprise,100.0,2025-01-21 10:58:29
875,00377,plan_change,basic,9.99,2025-11-07 10:58:29
876,00378,signup,pro,24.99,2024-05-25 15:44:03
877,00378,plan_change,enterprise,100.0,2025-09-07 15:44:03
878,00378,plan_change,pro,24.99,2025-12-24 15:44:03
879,00378,plan_change,ENTERPRISE,100.0,2026-06-11 15:44:03
880,00379,signup,basic,9.99,2024-07-11 19:53:06
881,00379,plan_change,ENTERPRISE,100.0,2025-04-25 19:53:06
882,00379,plan_change,pro,24.99,2025-08-22 19:53:06
883,00380,signup,basic,9.99,2025-08-07 22:05:15
884,00380,plan_change,pro,24.99,2025-12-14 22:05:15
885,00380,churn,none,0.0,2026-06-20 22:05:15
886,00381,signup,pro,24.99,2026-04-18 14:02:56
887,00382,signup,ENTERPRISE,100.0,2026-05-19 09:38:40
888,00383,signup,pro,24.99,2024-05-10 20:11:30
889,00383,plan_change,Enterprise,100.0,2025-09-23 20:11:30
890,00383,plan_change,pro,24.99,2025-11-13 20:11:30
891,00383,plan_change,basic,9.99,2026-02-28 20:11:30
892,00384,signup,pro,24.99,2025-10-03 19:56:37
893,00384,plan_change,basic,9.99,2026-02-05 19:56:37
894,00385,signup,BASIC,9.99,2024-06-17 14:06:05
895,00385,churn,none,0.0,2025-08-20 14:06:05
896,00386,signup,basic,9.99,2025-10-09 17:25:33
897,00386,churn,none,0.0,2026/03/09
898,00387,signup,basic,9.99,2026-06-19 00:31:06
899,00388,signup,enterprise,100.0,2026-04-21 16:31:32
900,00389,signup,enterprise,100.0,2024-03-18 12:18:35
901,00389,plan_change,basic,9.99,2024-09-19 12:18:35
902,00390,signup,basic,9.99,2024-09-13 15:01:14
903,00390,plan_change,pro,24.99,2025-05-15 15:01:14
904,00390,plan_change,enterprise,100.0,2026-06-10 15:01:14
905,00391,signup,pro,24.99,2025-09-22 04:40:33
906,00391,churn,none,0.0,2026-03-10 04:40:33
907,00392,signup,pro,24.99,2025-02-20 00:55:22
908,00393,signup,pro,24.99,2025-04-29 13:48:13
909,00393,plan_change,basic,9.99,2025-06-10 13:48:13
910,00393,plan_change,pro,24.99,2026-01-17 13:48:13
911,00394,signup,basic,9.99,2025-06-18 12:14:24
912,00394,plan_change,pro,24.99,2025-12-14 12:14:24
913,00394,plan_change,BASIC,9.99,2026-03-15 12:14:24
914,00395,signup,Pro,24.99,2026-01-18 18:22:41
915,00396,signup,enterprise,100.0,2025-09-25 10:10:36
916,00396,plan_change,basic,9.99,2026-01-14 10:10:36
917,00397,signup,basic,9.99,2024-10-28 22:20:29
918,00397,plan_change,PRO,24.99,2025-05-25 22:20:29
919,00397,churn,none,0.0,2026-01-29 22:20:29
920,00398,signup,basic,9.99,2024-10-28 14:10:37
921,00398,plan_change,pro,24.99,2025-03-03 14:10:37
922,00398,plan_change,basic,9.99,2025-07-06 14:10:37
923,00399,signup,enterprise,100.0,2025-11-19 17:30:46
924,00399,plan_change,pro,24.99,2026-06-03 17:30:46
925,00400,signup,pro,24.99,2025-12-22 14:23:06
926,00400,churn,none,0.0,2026-06-24 14:23:06
927,00401,signup,basic,9.99,2025-05-19 21:56:55
928,00401,plan_change,pro,24.99,2025-11-01 21:56:55
929,00402,signup,basic,9.99,2026-06-28 16:29:23
930,00403,signup,basic,9.99,2024-02-19 09:58:05
930,00403,signup,basic,9.99,2024-02-19 09:58:05
931,00403,plan_change,pro,24.99,2025-01-31 09:58:05
932,00403,plan_change,basic,9.99,2025-10-23 09:58:05
933,00404,signup,Pro,24.99,2025/05/27
934,00404,plan_change,basic,9.99,2025-08-02 07:33:32
935,00404,plan_change, enterprise ,100.0,2026-05-28 07:33:32
936,00405,signup,enterprise,100.0,2024-02-15 04:09:21
937,00405,churn,none,0.0,2024-04-16 04:09:21
938,00406,signup,basic,9.99,2024-05-10 10:06:34
939,00406,plan_change,pro,24.99,2024-06-23 10:06:34
940,00406,plan_change,basic,9.99,2024-11-20 10:06:34
941,00406,plan_change,Pro,24.99,2025-02-23 10:06:34
942,00406,churn,none,0.0,2025-12-30 10:06:34
943,00407,signup,basic,9.99,2025-11-16 05:47:18
944,00408,signup,pro,24.99,2025-12-04 02:39:32
945,00409,signup,basic,9.99,2025-03-06 21:05:41
946,00409,plan_change,pro,24.99,2025-07-30 21:05:41
947,00409,plan_change,enterprise,100.0,2025-11-21 21:05:41
948,00410,signup,basic,9.99,2025-03-23 06:59:37
948,00410,signup,basic,9.99,2025-03-23 06:59:37
949,00410,plan_change,Pro,24.99,2025-05-30 06:59:37
950,00410,plan_change,basic,9.99,2025-10-30 06:59:37
951,00411,signup,enterprise,100.0,2025-10-02 15:10:54
952,00412,signup, basic ,9.99,2025-06-04 00:49:48
953,00412,plan_change,enterprise,100.0,2025-10-21 00:49:48
954,00412,plan_change,pro,24.99,2026-04-26 00:49:48
955,00413,signup,basic,9.99,2025-12-08 04:50:15
956,00413,plan_change,enterprise,100.0,2026-01-09 04:50:15
957,00414,signup,enterprise,100.0,2024-06-14 19:40:14
958,00414,plan_change,basic,9.99,2024-08-14 19:40:14
959,00414,churn,none,0.0,2024-11-29 19:40:14
960,00415,signup,enterprise,100.0,2024-08-07 19:18:31
961,00415,plan_change,pro,24.99,2025-05-07 19:18:31
962,00415,churn,none,0.0,2025-10-22 19:18:31
963,00416,signup,enterprise,100.0,2026-04-19 16:44:41
964,00416,plan_change,basic,9.99,2026-06-11 16:44:41
965,00417,signup,pro,24.99,2024-01-19 06:42:42
966,00417,plan_change,enterprise,100.0,2024-06-17 06:42:42
967,00417,plan_change,basic,9.99,2024-10-01 06:42:42
968,00417,churn,none,0.0,2024-12-28 06:42:42
969,00418,signup,PRO,24.99,2025-09-06 15:05:36
970,00419,signup,enterprise,100.0,2025-11-06 18:26:15
971,00419,plan_change,basic,9.99,2026-01-25 18:26:15
972,00420,signup,enterprise,100.0,2025-11-22 14:07:45
973,00420,plan_change,pro,24.99,2026-02-01 14:07:45
974,00421,signup,enterprise,100.0,2025-06-29 18:06:21
975,00421,plan_change,pro,24.99,2026-05-14 18:06:21
976,00422,signup,enterprise,100.0,2026-06-12 07:18:33
977,00423,signup,enterprise,100.0,2025-01-27 19:08:44
978,00423,plan_change,pro,24.99,2026-05-23 19:08:44
979,00424,signup,pro,24.99,NULL
980,00424,plan_change,enterprise,100.0,2024-08-11 04:10:15
981,00424,plan_change,pro,24.99,2024-11-28 04:10:15
982,00424,plan_change,basic,9.99,2025-07-20 04:10:15
983,00425,signup, pro ,24.99,2024-07-16 00:39:23
984,00425,churn,none,0.0,2025-05-04 00:39:23
985,00426,signup,pro,24.99,2025-08-04 19:16:44
986,00426,plan_change,enterprise,100.0,2026-03-20 19:16:44
987,00427,signup,enterprise,100.0,2026-02-19 08:54:23
988,00427,plan_change,basic,9.99,2026-06-28 08:54:23
989,00428,signup,enterprise,100.0,2026-02-14 03:36:20
990,00429,signup,pro,24.99,2025-10-14 14:49:36
991,00430,signup, pro ,24.99,2026-04-14 04:09:30
992,00431,signup,enterprise,100.0,2025-12-19 16:38:59
993,00432,signup,pro,24.99,2024-10-31 20:28:01
994,00432,churn,none,0.0,NULL
995,00433,signup,basic,9.99,2024-09-18 06:44:55
996,00433,plan_change,pro,24.99,2025-06-25 06:44:55
997,00433,plan_change,enterprise,100.0,2026-06-23 06:44:55
998,00434,signup,ENTERPRISE,100.0,2025-09-18 12:47:10
999,00434,churn,none,0.0,2026-05-29 12:47:10
1000,00435,signup, pro ,24.99,2025-08-16 23:21:57
1001,00436,signup,pro,24.99,2024/01/19
1002,00436,plan_change,enterprise,100.0,2024-03-05 15:14:34
1003,00437,signup,basic,9.99,2026-03-04 21:38:03
1004,00437,plan_change,enterprise,100.0,2026-04-07 21:38:03
1005,00438,signup,basic,9.99,2026-02-05 23:20:48
1006,00439,signup,enterprise,100.0,2025-08-06 20:47:33
1006,00439,signup,enterprise,100.0,2025-08-06 20:47:33
1007,00440,signup,pro,24.99,2024-08-28 08:56:06
1008,00440,churn,none,0.0,2025-04-18 08:56:06
1009,00441,signup,basic,9.99,2025-09-18 18:12:35
1010,00441,churn,none,0.0,2026-01-20 18:12:35
1011,00442,signup,basic,9.99,2024-10-15 20:43:30
1012,00442,plan_change,pro,24.99,2025-04-01 20:43:30
1013,00442,churn,none,0.0,2026-02-21 20:43:30
1014,00443,signup,pro,24.99,2025-11-08 09:36:05
1015,00443,churn,none,0.0,2026-04-30 09:36:05
1016,00444,signup,pro,24.99,2024-05-17 07:10:43
1017,00444,plan_change,enterprise,100.0,2025-06-17 07:10:43
1018,00444,churn,none,0.0,2025-08-05 07:10:43
1019,00445,signup,pro,24.99,2025-08-07 23:47:08
1020,00445,churn,none,0.0,2025-09-11 23:47:08
1021,00446,signup,basic,9.99,2024-04-27 13:51:30
1022,00446,plan_change,pro,24.99,2024-12-01 13:51:30
1023,00446,plan_change,enterprise,100.0,2025-04-01 13:51:30
1024,00446,plan_change,basic,9.99,2026-02-14 13:51:30
1025,00447,signup,pro,24.99,2025-05-03 04:41:30
1026,00447,plan_change,enterprise,100.0,2025-08-13 04:41:30
1027,00448,signup,pro,24.99,2025-04-23 19:25:43
1028,00448,plan_change,enterprise,100.0,2026-01-24 19:25:43
1029,00449,signup,Basic,9.99,2025-01-09 13:11:33
1030,00449,plan_change,pro,24.99,2025-10-31 13:11:33
1031,00449,plan_change,basic,9.99,2026-04-29 13:11:33
1032,00450,signup,enterprise,100.0,2025-06-02 23:23:16
1033,00450,churn,none,0.0,2025-08-26 23:23:16
1034,00451,signup,pro,24.99,2024-08-19 06:34:17
1035,00451,plan_change,basic,9.99,2024-10-25 06:34:17
1036,00451,churn,none,0.0,2025-06-05 06:34:17
1037,00452,signup,pro,24.99,2024-05-02 21:27:20
1038,00452,plan_change,basic,9.99,2024-12-07 21:27:20
1039,00452,churn,none,0.0,2025-06-05 21:27:20
1040,00453,signup,pro,24.99,2025-05-07 22:47:09
1041,00453,plan_change,enterprise,100.0,2025-09-22 22:47:09
1042,00454,signup,pro,24.99,1707356552
1042,00454,signup,pro,24.99,1707356552
1043,00454,plan_change,enterprise,100.0,2024-09-28 09:42:32
1044,00454,plan_change,pro,24.99,NULL
1045,00454,plan_change,basic,9.99,2026-06-19 09:42:32
1046,00455,signup,pro,24.99,2025-06-12 14:13:44
1047,00455,plan_change,basic,9.99,2026/06/10
1048,00456,signup, enterprise ,100.0,2026-05-18 13:50:03
1049,00457,signup,basic,9.99,2024-12-20 17:45:21
1050,00457,plan_change,pro,24.99,2025-03-09 17:45:21
1051,00457,plan_change,enterprise,100.0,2025-10-19 17:45:21
1052,00457,plan_change,basic,9.99,2026-05-03 17:45:21
1053,00458,signup,Basic,9.99,2026-06-03 06:37:29
1054,00459,signup,enterprise,100.0,2026-01-12 22:03:52
1055,00460,signup,enterprise,100.0,2024-05-16 22:39:31
1056,00460,plan_change,Pro,24.99,2024-07-06 22:39:31
1057,00460,plan_change,basic,9.99,2024-10-15 22:39:31
1058,00460,plan_change,pro,24.99,2025-03-26 22:39:31
1059,00460,plan_change,basic,9.99,2025-10-27 22:39:31
1060,00460,plan_change,pro,24.99,2026-01-22 22:39:31
1061,00461,signup,basic,9.99,2024-09-11 09:37:04
1062,00461,plan_change,pro,24.99,2025-01-02 09:37:04
1063,00461,churn,none,0.0,2025-11-29 09:37:04
1064,00462,signup, basic ,9.99,2025-09-08 12:24:36
1065,00462,churn,none,0.0,2026-02-17 12:24:36
1066,00463,signup,enterprise,100.0,2025-12-22 11:00:03
1067,00464,signup,pro,24.99,2025-09-30 20:28:29
1068,00464,churn,none,0.0,2026-04-28 20:28:29
1069,00465,signup,enterprise,100.0,2026-04-06 01:41:49
1070,00466,signup,ENTERPRISE,100.0,2024-12-04 19:24:45
1071,00466,churn,none,0.0,2025-09-13 19:24:45
1072,00467,signup,enterprise,100.0,2025-03-26 18:45:51
1073,00467,plan_change,basic,9.99,2025-09-03 18:45:51
1074,00468,signup,enterprise,100.0,2026-05-12 07:28:17
1075,00469,signup,enterprise,100.0,2026-04-22 16:36:52
1076,00470,signup,enterprise,100.0,2026-03-05 01:20:26
1077,00471,signup,basic,9.99,2024-07-22 15:33:52
1078,00471,plan_change,Pro,24.99,2024-10-23 15:33:52
1079,00471,plan_change,Basic,9.99,2025-04-16 15:33:52
1080,00471,plan_change,pro,24.99,2025-07-06 15:33:52
1081,00472,signup,basic,9.99,2024-12-11 00:01:25
1082,00472,plan_change,pro,24.99,2025-05-31 00:01:25
1083,00472,plan_change,enterprise,100.0,2025-10-27 00:01:25
1084,00473,signup,enterprise,100.0,2026-05-08 02:43:12
1084,00473,signup,enterprise,100.0,2026-05-08 02:43:12
1085,00473,plan_change,basic,9.99,2026-06-15 02:43:12
1086,00474,signup,enterprise,100.0,2024-07-11T19:35:20
1087,00474,plan_change,pro,24.99,2025-02-04 19:35:20
1088,00475,signup,enterprise,100.0,2026-02-13 21:33:50
1089,00476,signup,pro,24.99,2026-04-02 11:17:05
1090,00477,signup,pro,24.99,2025-01-19 17:52:31
1091,00477,plan_change,basic,9.99,2025-07-08 17:52:31
1092,00477,plan_change,pro,24.99,2025-11-02 17:52:31
1093,00478,signup,pro,24.99,2026-01-15 05:32:35
1094,00478,plan_change,basic,9.99,2026-05-10 05:32:35
1095,00479,signup,enterprise,100.0,2024-05-23 10:13:20
1096,00480,signup,pro,24.99,2025-11-03 10:48:50
1097,00480,plan_change,ENTERPRISE,100.0,2026-06-17 10:48:50
1098,00481,signup,pro,24.99,2025-10-27 01:33:23
1099,00482,signup,enterprise,100.0,2025-12-08 05:06:07
1100,00483,signup,pro,24.99,2024-06-06 16:59:05
1101,00483,plan_change,enterprise,100.0,2024-11-26 16:59:05
1102,00483,plan_change,pro,24.99,2026-05-15 16:59:05
1103,00484,signup,basic,9.99,2025-06-16 15:19:16
1104,00484,churn,none,0.0,2025-09-28 15:19:16
1105,00485,signup,basic,9.99,2026-02-23 06:36:16
1105,00485,signup,basic,9.99,2026-02-23 06:36:16
1106,00486,signup,pro,24.99,2025-02-25 13:30:38
1107,00487,signup,enterprise,100.0,2025-08-12 08:31:10
1108,00487,plan_change,pro,24.99,2026-01-01 08:31:10
1109,00488,signup,pro,24.99,2025-12-18 12:04:09
1110,00489,signup,pro,24.99,2024-01-16 17:49:58
1111,00489,plan_change,basic,9.99,2024-06-18 17:49:58
1112,00489,churn,none,0.0,2024-07-23 17:49:58
1113,00490,signup,pro,24.99,2024-03-17 12:06:23
1114,00490,churn,none,0.0,2024-12-19 12:06:23
1115,00491,signup,basic,9.99,2025-11-23 10:39:44
1116,00491,plan_change,pro,24.99,2026-01-27 10:39:44
1117,00491,plan_change,basic,9.99,2026-03-17 10:39:44
1118,00491,churn,none,0.0,2026-05-23 10:39:44
1119,00492,signup,BASIC,9.99,2025-10-08 06:00:52
1120,00492,churn,none,0.0,2026-03-04 06:00:52
1121,00493,signup,PRO,24.99,2025-12-18 18:17:17
1122,00493,churn,none,0.0,2026-05-03 18:17:17
1123,00494,signup,basic,9.99,2024-03-07 05:59:52
1124,00494,churn,none,0.0,2024-11-05 05:59:52
1125,00495,signup,enterprise,100.0,NULL
1126,00496,signup,pro,24.99,2024-02-22 07:50:34
1127,00496,plan_change,basic,9.99,2024-05-07 07:50:34
1128,00496,plan_change,enterprise,100.0,2024-11-27 07:50:34
1129,00496,plan_change,PRO,24.99,2025/08/19
1130,00497,signup,basic,9.99,2024-09-27 09:43:23
1131,00497,plan_change,pro,24.99,2025-04-30 09:43:23
1132,00497,churn,none,0.0,2025-08-20 09:43:23
1133,00498,signup,Pro,24.99,2024-11-29 15:20:31
1134,00498,plan_change, basic ,9.99,2025-04-27 15:20:31
1135,00498,plan_change,enterprise,100.0,2026-04-07 15:20:31
1136,00499,signup,pro,24.99,2025-12-05 09:55:35
1137,00500,signup,basic,9.99,2025-09-11 19:06:25
